timestamp_utc	generation	status	commit	note
2026-04-05T10:04:58Z	1	no_commit	-	no new commit
2026-04-05T12:59:43Z	2	no_commit	-	commit blocked by read-only .git; code, docs, and memory files updated
2026-04-05T12:59:58Z	1	no_commit	-	no new commit
2026-04-05T13:04:22Z	3	passed	-	direct-write rendering, cat parity tests, workflow docs; commit blocked by read-only .git
2026-04-05T13:05:25Z	2	no_commit	-	no new commit
2026-04-05T13:07:08Z	4	passed	-	span-based renderer batching and new cat-oracle tests; commit blocked by read-only .git
2026-04-05T13:08:15Z	3	no_commit	-	no new commit
2026-04-05T13:12:28Z	5	passed	-	offline-safe syntax highlighting, stdin highlighting, and feature-build regression fix; commit blocked by read-only .git
2026-04-05T13:12:58Z	4	no_commit	-	no new commit
2026-04-05T13:18:48Z	6	passed	-	stdin now follows the color-rendering path like files; added stdin ANSI regression and docs note; commit blocked by read-only .git
2026-04-05T13:18:59Z	1	no_commit	-	no new commit
2026-04-05T13:21:26Z	7	passed	-	stdout buffered for render-path throughput; HOME-scoped config-path regression added; commit blocked by read-only .git
2026-04-05T13:25:34Z	8	passed	-	fixed EOF no-newline end-marker parity; added cat-oracle regressions and memory updates
2026-04-05T13:31:17Z	9	passed	83f84a6	direct-write ANSI renderer for syntax-highlighted lines; added file highlighting regression and performance docs
2026-04-05T13:32:43Z	1	committed	83f84a633d0958d8c01c85f03e31ce65827231dd	HEAD advanced
2026-04-05T13:35:41Z	10	passed	31bbc0994150a4854ac198ad6925bcdbcc80ea09	--list-themes now skips config loading; added malformed-config regression and docs
2026-04-05T13:36:31Z	2	committed	b0ab17394e050a3a243036dec606225e3c20fb60	HEAD advanced
2026-04-05T13:40:57Z	11	passed	f261e68b1f929f8a9ed3afb85434069451cb300f	derived Default cleanup after clippy; committed byte-safe xcat/docs state
2026-04-05T13:41:26Z	3	committed	11ba2aabf88ddb550ef6aaf3a01bc2ba55c3c31c	HEAD advanced
2026-04-05T13:43:49Z	12	passed	-	CRLF-aware syntax highlighting plus Lisp-family comment markers; tests, docs, and memory updated
2026-04-05T13:44:36Z	4	committed	079618b648015f6fe4e7977772eb9b0fd829f8c5	HEAD advanced
2026-04-05T13:48:49Z	13	passed	8f29c3d30d0e8a638644e1b96356f49ca83a7c01	broader default syntax coverage for Dockerfile, Makefile, SQL, and markup docs; tests and docs updated
2026-04-05T13:49:13Z	5	committed	136fd5f4f2984e4634fcc237f5398910b97a41d8	HEAD advanced
2026-04-05T13:54:54Z	14	passed	-	explicit syntax hints for stdin and mismatched filenames; expanded heuristics for build/config files; tests, docs, and repo memory updated
2026-04-05T13:54:54Z	14	committed	f6be95c6d9297c1eea9c076b7d74c642f022ecb2	feature commit created
2026-04-05T13:55:34Z	6	committed	736cdfa548dab8ee8d4d86ce7bb9866d1eeb03eb	HEAD advanced
2026-04-05T13:58:15Z	15	passed	-	expanded explicit syntax aliases for Dockerfile and Makefile stdin workflows; docs, tests, and repo memory updated
2026-04-05T13:59:13Z	7	committed	9041c674e895ab8d06c93f32f186291a06a2da89	HEAD advanced
2026-04-05T14:01:43Z	16	passed	-	explicit syntax hints now override the automatic highlighting gate; docs, tests, and repo memory updated
